Player ID,Game Session ID,Score,Items Collected,Enemies Defeated,Timestamp
515-08-9110,777-08-9710,-87,33,40,2023-09-27 11:04:10
520-12-9624,799-17-1488,55,16,53,2023-09-26 15:45:24
647-38-1451,375-31-4283,91,14,88,2023-09-29 03:12:14
340-98-4721,553-18-3559,57,3,91,2023-10-01 10:31:16
,639-02-3521,78,13,16,2023-09-30 14:23:26
293-51-4841,272-56-4287,3,29,33,2023-09-29 06:44:50
076-96-6648,100-54-9381,37,25,69,2023-10-02 11:14:17
664-45-4782,554-45-2650,86,79,78,2023-10-02 14:18:46
,782-21-3004,-81,17,81,2023-09-25 04:10:00
218-90-2863,657-97-2923,77,16,45,2023-09-27 21:07:13
440-53-5519,592-80-4965,73,48,58,2023-09-23 17:49:00
584-31-3786,139-21-5123,21,27,14,2023-10-02 11:56:33
125-43-3474,562-51-5888,93,4,47,2023-09-24 16:48:52
215-98-8334,530-16-1495,81,13,87,2023-10-01 22:34:44
538-58-9952,581-16-7303,60,37,8,2023-10-01 23:30:07
629-98-1324,755-69-3769,17,13,77,2023-09-28 18:25:00
407-18-5415,628-30-6230,21,1,61,2023-09-27 14:45:33
391-44-5269,124-57-6731,99,24,17,2023-09-24 23:04:45
098-92-6878,130-55-9580,64,14,18,2023-09-27 09:59:32
831-05-8802,326-59-8227,88,12,54,2023-09-30 23:23:56
262-25-9983,873-60-0193,84,47,84,2023-09-24 05:52:45
050-71-2731,506-07-6706,76,0,65,2023-09-29 04:10:24
727-27-6128,449-94-7411,19,84,2,2023-09-23 14:58:41
176-93-9149,410-71-2208,88,0,53,2023-09-28 16:38:21
848-30-1864,772-23-8927,13,14,71,2023-09-24 02:25:47
496-55-9218,660-36-7707,53,30,31,2023-09-29 06:28:08
770-90-6298,426-12-7179,2,6,2,2023-09-26 16:49:15
079-25-7076,457-34-3134,66,24,73,2023-09-30 06:11:42
583-60-5639,152-62-1761,51,41,53,2023-09-24 23:30:04
877-04-3679,492-98-5769,76,67,31,2023-09-30 14:04:28
133-16-3289,100-60-1738,86,37,95,2023-09-26 10:48:08
311-72-1728,426-13-0397,95,15,19,2023-10-02 14:59:15
514-07-1289,259-78-8337,71,35,48,2023-10-03 09:52:40
351-40-6085,342-64-4831,70,94,8,2023-09-28 18:36:23
054-20-2630,110-43-9227,75,75,14,2023-09-29 02:03:06
336-56-0220,350-31-0487,91,45,26,2023-10-01 09:49:50
095-03-5287,192-63-6813,21,35,6,2023-09-27 03:12:55
620-35-6656,227-54-1405,4,20,9,2023-10-03 03:28:34
560-98-5963,064-40-8600,56,23,26,2023-09-30 23:13:12
818-39-9383,885-34-1836,29,80,44,2023-10-02 08:01:59
554-38-9642,450-49-8152,19,31,38,2023-09-26 23:03:00
,681-57-4639,46,49,4,2023-09-24 08:08:17
349-67-5365,618-99-5780,97,44,65,2023-09-28 06:16:23
899-69-2091,597-23-8473,10,23,18,2023-10-02 23:36:59
090-35-0202,844-89-9153,1,45,55,2023-10-03 08:00:17
186-63-2420,266-28-0784,36,11,6,2023-09-25 11:27:59
646-66-1612,267-73-0243,90,25,62,2023-09-24 07:52:18
746-32-6982,122-38-5150,-95,25,35,2023-09-28 19:58:41
682-21-6616,138-65-2591,36,43,26,2023-09-30 13:22:35
242-34-2506,754-45-7784,88,48,36,2023-09-26 10:41:15
,585-36-1194,46,22,16,2023-09-25 15:49:41
273-05-2772,778-85-4003,19,36,88,2023-09-27 08:15:34
237-55-4117,580-38-8980,0,17,31,2023-10-01 05:46:00
066-61-7374,002-12-7295,58,6,26,2023-09-27 03:15:53
536-42-3126,277-72-6535,10,94,90,2023-09-28 10:19:44
495-05-8359,033-26-1866,82,45,3,2023-10-01 23:30:53
859-93-5977,128-83-1698,15,38,63,2023-09-30 23:01:07
090-92-8121,292-87-1514,57,42,26,2023-09-29 13:05:47
679-80-0152,046-90-8586,-67,43,26,2023-10-01 12:01:47
806-94-1317,335-15-0112,57,15,39,2023-09-27 12:15:13
038-89-1524,324-16-0909,-4,42,21,2023-10-01 11:46:56
283-32-1261,441-28-3071,79,41,4,2023-09-28 13:32:08
027-70-7759,356-31-5785,-20,31,84,2023-09-30 00:10:14
777-39-2248,118-44-8986,12,11,57,2023-10-02 20:32:04
335-31-8691,710-57-8366,97,52,68,2023-09-29 09:37:46
590-40-7192,410-53-2295,34,29,46,2023-09-24 01:35:01
240-63-9263,051-46-4113,86,0,26,2023-09-26 04:08:23
445-65-4618,243-74-4767,96,30,71,2023-09-29 08:12:21
604-10-7197,422-55-4946,-6,27,58,2023-09-27 05:42:34
712-02-0045,837-32-8118,58,6,68,2023-09-30 11:10:51
204-55-3273,404-15-3408,47,38,5,2023-09-25 06:45:04
811-26-2008,360-76-0389,55,23,87,2023-10-01 08:42:56
729-88-2439,498-04-5003,28,52,57,2023-09-25 06:25:01
748-33-6032,439-22-0621,21,59,44,2023-09-26 16:39:51
,527-60-0998,41,72,63,2023-09-23 14:10:52
014-03-6154,373-64-3334,-27,10,88,2023-09-24 10:03:56
,097-33-8421,59,38,44,2023-09-29 22:07:23
224-32-9962,265-79-6155,55,57,78,2023-10-02 21:20:27
329-71-7516,198-12-8300,72,4,66,2023-09-24 09:53:50
621-81-6640,028-42-6408,16,49,62,2023-09-27 01:29:59
802-36-4799,365-58-2192,45,26,65,2023-09-25 07:41:07
819-40-8309,891-24-2022,47,32,87,2023-09-30 17:04:52
002-59-2183,400-95-0572,92,23,38,2023-09-27 09:00:48
249-17-4712,880-23-9283,93,5,8,2023-09-29 04:51:30
125-47-6294,668-95-8448,66,47,83,2023-09-26 02:01:19
,786-92-0071,53,27,91,2023-09-26 03:40:47
253-15-3487,213-80-4478,45,31,1,2023-09-27 10:07:47
899-95-5349,190-69-2220,4,1,32,2023-09-24 16:49:42
489-48-4356,180-50-6522,95,37,31,2023-09-29 01:50:40
825-61-2498,276-52-8995,38,17,86,2023-10-03 03:08:48
745-88-8747,605-42-8556,17,20,9,2023-09-28 16:08:35
591-28-3612,102-17-2052,56,10,64,2023-09-29 06:23:04
099-11-1420,146-56-6866,79,0,98,2023-09-23 14:10:41
235-90-5577,785-23-6724,12,37,98,2023-10-03 07:47:21
730-65-2546,264-37-4771,-2,13,15,2023-09-24 02:03:54
382-04-3559,551-07-5788,69,57,45,2023-09-30 10:46:56
726-32-8304,892-72-3820,13,25,61,2023-09-26 08:22:19
392-45-1912,309-09-5130,39,11,93,2023-09-30 05:15:22
689-24-7981,193-20-1103,26,12,65,2023-10-01 06:59:35
,279-28-9485,88,36,50,2023-10-03 00:28:24
034-11-9601,424-48-5457,80,32,54,2023-09-23 16:25:15
385-64-4084,661-05-0107,41,40,75,2023-09-25 05:43:03
226-99-2377,438-44-5282,82,48,75,2023-09-24 08:55:01
105-12-7813,224-44-6936,80,32,12,2023-09-24 16:40:27
185-57-4110,049-73-3763,11,41,79,2023-10-01 23:47:52
081-65-7828,603-64-3730,32,23,3,2023-09-26 19:58:16
795-44-0254,373-64-6126,29,4,64,2023-09-30 18:15:22
531-56-6269,251-48-3520,11,19,31,2023-09-24 00:44:38
566-82-6563,641-16-3856,-84,16,77,2023-09-24 23:03:15
004-17-2258,387-14-8533,84,16,60,2023-09-28 20:21:36
123-62-3681,512-18-1863,58,2,32,2023-09-25 08:21:36
899-72-6424,421-32-7457,20,8,58,2023-09-30 23:17:28
616-02-9208,630-22-9481,29,41,96,2023-09-26 07:49:12
015-98-4534,005-18-2376,42,91,77,2023-09-24 21:41:26
259-87-2794,050-46-8290,86,50,26,2023-09-27 01:18:22
243-83-8975,168-69-4271,47,41,77,2023-10-01 09:08:20
366-95-4867,622-56-5155,2,12,15,2023-10-01 03:21:00
003-26-5217,095-73-2002,93,27,4,2023-09-24 04:12:14
,361-86-8834,84,46,2,2023-09-25 00:09:07
012-24-3128,261-65-4164,-36,21,2,2023-10-01 03:14:18
,834-64-4505,-28,40,77,2023-09-26 23:03:29
820-34-0823,119-81-5955,59,26,77,2023-09-27 23:41:46
716-38-0001,477-14-0976,71,36,79,2023-10-02 03:27:32
540-20-3285,865-93-3800,93,30,5,2023-09-25 01:58:17
707-85-9088,284-66-6322,48,30,12,2023-09-27 17:03:42
861-44-4703,673-61-2185,33,4,50,2023-09-26 07:57:21
350-99-6138,518-88-1030,8,17,57,2023-09-28 08:18:28
122-46-6616,693-52-5000,4,72,50,2023-09-27 03:24:56
885-71-4013,304-12-9276,68,12,38,2023-09-30 08:33:34
,425-94-6987,65,31,31,2023-09-26 22:10:44
,375-09-0682,62,22,30,2023-09-24 00:31:30
690-31-0300,556-89-6387,11,8,86,2023-09-27 02:59:03
697-67-9188,636-39-4460,41,9,70,2023-09-25 21:27:48
556-99-4034,498-43-1911,66,6,90,2023-10-02 02:31:53
155-28-9847,686-46-8818,93,16,24,2023-09-27 07:16:23
258-68-3847,285-37-0320,96,35,91,2023-09-30 01:02:25
438-83-0518,432-47-0508,28,6,99,2023-10-02 05:40:21
244-27-5702,690-05-7712,84,14,38,2023-10-02 07:52:53
108-95-3340,051-68-4495,89,15,51,2023-10-01 06:07:12
522-91-1278,008-70-3482,38,38,44,2023-09-30 19:07:05
355-86-8447,529-15-1158,6,28,31,2023-09-24 09:30:22
066-25-5023,330-56-4319,82,21,7,2023-09-25 18:14:19
695-29-4300,273-15-1547,80,10,70,2023-09-23 20:51:57
738-39-1522,844-97-2809,27,79,88,2023-10-01 10:18:30
795-43-0928,462-71-2162,98,15,99,2023-09-29 07:06:35
,270-06-5595,43,64,86,2023-09-25 20:21:26
651-89-0920,210-74-5245,12,17,13,2023-10-01 02:06:42
537-62-4135,182-65-0770,0,55,9,2023-09-25 02:14:55
862-49-9072,567-75-8960,4,82,20,2023-09-29 18:26:57
572-75-6848,216-77-5077,58,31,57,2023-09-28 16:09:18
561-46-6680,502-17-8406,3,11,54,2023-09-30 23:25:09
209-62-5821,550-92-6372,64,81,5,2023-09-29 09:33:46
797-71-9600,313-79-0111,0,26,58,2023-09-25 01:05:01
462-94-8684,457-92-2465,18,25,79,2023-10-02 21:19:41
741-01-3524,566-66-6862,69,54,32,2023-09-28 13:57:51
296-58-5805,320-66-7343,-70,48,77,2023-09-26 05:43:42
,378-94-0817,88,2,14,2023-09-26 07:46:13
288-39-4208,196-25-8911,75,70,75,2023-10-02 19:50:27
838-87-8152,028-36-3835,95,90,58,2023-10-01 00:19:11
507-11-4865,444-52-9432,43,4,81,2023-09-24 06:04:22
832-15-9147,556-59-0251,4,48,28,2023-09-30 11:07:47
,396-77-2697,52,16,88,2023-10-01 08:02:28
193-15-8982,884-34-2761,10,30,75,2023-09-27 08:28:06
824-17-8553,241-83-8811,-5,94,72,2023-09-24 19:09:53
353-08-1991,344-36-0179,16,46,72,2023-09-24 11:36:22
308-45-1025,215-60-6565,12,34,76,2023-09-26 03:37:06
051-64-1177,623-31-4000,61,29,99,2023-10-01 21:49:30
754-94-4984,772-29-0306,40,38,60,2023-09-30 02:42:02
613-63-7997,036-28-7086,31,18,63,2023-09-26 14:49:58
528-79-3898,343-54-0780,78,73,25,2023-09-25 07:11:42
678-52-1660,700-16-9668,61,64,1,2023-10-03 02:56:16
224-45-7973,291-54-0636,40,48,42,2023-09-24 11:14:50
139-53-8552,407-86-6835,47,49,65,2023-10-01 10:18:50
442-40-1642,334-50-9508,81,36,17,2023-09-30 16:15:11
702-04-2308,342-48-7985,15,36,89,2023-09-28 06:45:27
,009-02-5037,-65,31,12,2023-09-30 13:17:20
856-08-8090,617-93-8037,-6,8,27,2023-09-27 20:46:21
850-08-9488,335-58-2856,57,30,80,2023-09-27 03:49:09
010-04-9388,516-01-1783,70,9,31,2023-09-24 06:15:49
128-79-6550,857-27-8854,71,42,25,2023-09-29 06:50:13
022-84-6590,175-62-3303,32,7,30,2023-09-30 13:35:04
,560-20-0588,4,47,61,2023-10-01 06:39:56
463-80-6244,642-27-6946,35,39,21,2023-09-25 08:59:00
072-08-0684,718-95-2812,47,0,46,2023-10-02 01:17:48
,337-54-2082,35,20,85,2023-10-01 02:44:05
118-33-8394,599-81-0077,42,65,74,2023-09-25 07:32:31
195-20-7967,091-48-7135,79,6,71,2023-10-02 20:06:24
704-34-8067,382-25-5230,25,25,2,2023-09-30 03:58:15
477-09-1111,032-58-0396,58,7,45,2023-09-27 10:36:15
127-25-3633,210-04-6293,59,48,35,2023-10-01 08:37:56
,326-63-9772,97,20,97,2023-10-02 20:46:08
869-15-7653,038-43-5029,77,39,50,2023-09-28 23:25:58
375-43-2419,791-18-0754,19,4,66,2023-09-28 09:52:00
555-93-8717,433-57-9126,69,77,41,2023-09-28 20:26:10
898-85-8725,176-30-8518,3,13,41,2023-09-27 08:53:44
,796-97-2803,15,3,12,2023-10-03 04:54:44
840-97-5876,491-52-0300,14,28,54,2023-09-23 20:14:53
394-70-7742,530-15-0823,90,46,54,2023-09-27 08:07:26
041-13-8619,376-22-7490,8,3,41,2023-09-26 01:43:45
125-91-4422,480-18-1748,2,35,86,2023-09-24 18:10:54
235-84-1972,534-39-9148,40,46,0,2023-09-25 08:14:09
703-66-0489,806-21-8101,32,1,27,2023-09-25 03:30:29
,560-42-3197,1,43,73,2023-09-28 16:32:41
040-75-8509,415-81-4105,21,2,70,2023-09-29 01:44:02
478-59-3018,088-98-4881,29,26,16,2023-09-25 01:47:54
439-15-9089,376-91-6901,25,45,19,2023-09-28 05:19:33
455-74-1526,187-32-7693,1,34,56,2023-09-24 07:43:39
404-11-7040,719-15-9674,-30,6,58,2023-10-02 19:57:32
522-07-9734,575-16-9336,99,37,4,2023-09-30 03:26:19
311-38-4742,429-02-9556,96,83,45,2023-09-25 12:58:15
096-37-2599,794-92-2067,20,1,35,2023-09-29 19:26:53
381-28-6332,439-11-7338,62,36,68,2023-09-29 10:36:04
,574-69-7722,14,65,92,2023-09-28 09:47:09
382-07-7452,051-84-0068,87,33,36,2023-09-27 22:50:00
488-80-9417,791-96-8835,74,31,94,2023-09-29 18:32:04
537-11-9999,183-62-3599,97,54,57,2023-09-28 05:06:16
647-56-7420,215-55-8181,39,4,56,2023-10-01 02:16:09
131-24-0342,782-76-6034,52,7,76,2023-10-03 00:57:41
107-32-8470,571-03-9184,54,69,45,2023-09-30 22:10:04
583-38-0583,178-82-3661,68,11,13,2023-09-25 20:33:54
276-73-0644,499-90-5186,81,24,52,2023-09-28 01:29:51
002-04-5623,175-76-9135,83,41,6,2023-09-23 15:55:10
,645-08-8915,84,61,99,2023-09-26 21:50:44
674-18-5500,071-58-4908,37,6,80,2023-09-26 07:11:55
352-72-4979,376-68-6604,-32,16,21,2023-09-26 19:32:08
621-36-0126,677-17-9732,62,17,22,2023-10-03 05:11:15
788-91-5550,255-90-6230,99,5,75,2023-09-30 01:07:36
483-78-8910,272-37-9093,-91,53,61,2023-10-03 04:23:17
339-31-5228,686-01-6795,73,23,48,2023-09-26 22:28:43
024-16-4997,202-28-7468,46,16,24,2023-10-02 10:13:31
799-63-5570,894-42-1096,-64,57,85,2023-09-24 08:13:22
,131-80-0880,76,0,57,2023-09-29 01:40:16
335-06-9159,786-72-9379,51,43,41,2023-10-01 07:58:32
536-04-2801,461-73-5080,44,4,72,2023-09-26 18:10:42
000-31-0786,130-83-5093,61,9,52,2023-10-01 00:25:38
823-75-3256,133-01-9552,1,46,64,2023-09-30 09:24:36
595-09-2793,529-01-2795,66,29,0,2023-10-02 09:27:23
285-93-3243,472-69-4187,10,42,4,2023-10-03 06:12:44
289-44-6285,586-08-8386,36,37,61,2023-10-02 12:28:24
780-65-4132,431-55-4213,-91,11,81,2023-09-24 01:33:38
039-90-8773,079-55-0666,-51,53,50,2023-09-23 19:37:07
721-60-9186,309-24-0494,48,25,29,2023-09-27 15:41:46
059-69-5217,670-82-0983,31,16,49,2023-09-24 08:24:34
045-44-0266,688-73-9447,41,32,88,2023-10-02 13:00:40
361-51-2007,516-29-1792,58,40,11,2023-10-01 05:26:58
811-86-2631,396-15-4927,76,29,24,2023-09-27 14:20:05
658-46-8995,255-49-4369,-86,27,74,2023-09-24 08:33:34
894-63-8100,031-76-3451,27,27,90,2023-09-27 00:09:46
375-57-8128,772-10-1456,-53,47,83,2023-09-28 15:43:50
597-87-8691,010-70-8007,90,5,61,2023-09-30 06:51:34
,480-33-0517,72,52,5,2023-10-03 02:17:25
292-61-3593,119-37-1848,-18,48,29,2023-09-24 04:10:30
426-66-0065,441-63-2087,79,4,68,2023-09-30 10:50:06
,150-33-6419,85,21,93,2023-09-29 07:07:06
261-81-0759,701-80-6077,82,26,55,2023-09-25 19:18:45
,466-65-9522,45,75,44,2023-09-30 20:26:05
636-86-2790,754-01-6095,62,31,61,2023-09-25 17:38:21
681-19-1348,875-70-3465,53,0,47,2023-10-02 11:44:51
421-23-4155,425-46-1177,79,4,91,2023-10-01 05:10:26
232-21-8297,715-99-1409,23,8,92,2023-09-30 23:33:04
,861-22-9733,90,37,11,2023-10-01 09:17:36
399-65-3639,262-74-4695,7,28,97,2023-09-24 11:19:06
155-97-2505,672-24-2116,80,2,32,2023-09-25 14:47:26
807-92-3946,021-61-5895,53,18,71,2023-09-25 14:29:50
229-93-1711,750-22-4586,33,12,19,2023-09-29 19:09:17
249-26-1323,453-74-6308,65,3,98,2023-10-03 06:57:55
,863-83-2604,70,26,10,2023-10-01 20:49:49
509-03-2649,359-34-8108,17,14,23,2023-10-02 03:37:35
651-63-4926,413-22-5839,17,13,16,2023-10-01 08:02:33
129-75-8047,682-23-2673,48,37,77,2023-09-27 06:27:37
357-30-4839,582-89-9859,19,3,93,2023-09-28 13:10:17
491-68-3994,807-51-0989,74,95,61,2023-09-30 13:05:24
407-47-8969,633-85-1286,93,8,68,2023-09-23 11:21:48
398-16-9828,022-52-4084,-5,65,6,2023-10-02 06:38:09
387-57-4187,573-25-2406,89,10,67,2023-09-24 23:57:29
474-96-8384,224-61-9187,98,15,25,2023-09-24 01:12:46
718-76-3421,677-62-7126,85,45,58,2023-09-27 01:10:01
244-61-5575,618-49-6156,97,7,31,2023-09-30 10:12:59
083-27-5722,651-79-3076,42,8,68,2023-09-30 12:58:30
748-10-0063,524-16-2647,91,0,60,2023-10-02 22:27:49
106-45-4334,093-34-9293,22,86,64,2023-09-23 20:59:51
287-61-3688,129-98-6911,50,43,26,2023-10-02 10:23:33
657-78-9626,338-32-6036,23,33,12,2023-09-30 13:14:49
445-64-7427,361-57-6158,15,49,76,2023-09-28 09:04:46
436-21-1208,520-12-6355,83,12,12,2023-10-01 10:51:54
380-87-4708,363-99-4594,92,21,64,2023-10-03 09:32:46
560-66-3333,097-48-9641,-41,40,18,2023-09-26 10:05:24
282-61-9710,226-27-9023,73,38,93,2023-09-24 10:24:10
065-16-2216,635-67-2033,83,96,62,2023-10-02 04:30:47
807-39-8530,198-53-1438,9,33,7,2023-09-27 08:56:49
,027-21-0719,76,22,57,2023-09-28 01:41:24
053-81-4432,554-52-9701,6,9,68,2023-09-26 16:03:33
598-73-6452,281-17-5120,2,8,99,2023-10-01 04:32:45
005-17-5630,766-65-5633,98,64,46,2023-10-03 08:55:35
385-66-0523,228-64-8043,16,19,74,2023-09-26 07:08:51
612-82-9987,344-11-1706,-29,18,34,2023-09-25 03:55:04
,241-72-5868,8,15,26,2023-09-27 19:42:54
679-04-6530,050-94-1527,7,17,99,2023-10-03 04:55:35
847-44-8720,131-20-8485,27,26,34,2023-09-25 14:05:45
259-36-0157,405-17-9375,79,32,4,2023-09-24 09:26:57
456-76-6831,819-62-0020,90,41,93,2023-09-24 14:25:48
105-91-1764,252-56-1187,80,34,14,2023-09-30 06:53:23
610-85-5957,477-32-4262,70,40,99,2023-09-28 15:51:51
219-52-0635,867-89-9167,-45,6,84,2023-09-24 14:49:39
404-15-3587,280-11-5689,73,28,35,2023-10-02 17:45:42
049-40-0070,059-97-6115,11,35,82,2023-09-26 01:10:05
775-25-9621,404-22-2472,36,14,55,2023-10-03 04:25:15
179-99-6085,691-73-9989,14,6,73,2023-10-01 23:45:05
100-67-2447,214-51-8914,9,8,38,2023-09-30 13:38:32
353-23-4114,035-73-1233,76,38,81,2023-09-27 21:27:08
492-41-8448,430-42-3293,5,43,97,2023-10-02 16:49:10
431-45-8803,344-91-0039,70,32,68,2023-09-27 23:49:06
174-79-9886,527-01-0117,16,27,13,2023-09-26 13:16:31
407-45-7496,896-03-8811,30,5,87,2023-09-27 06:44:55
432-25-9102,515-25-7916,65,27,38,2023-10-01 05:36:36
751-70-8477,271-93-8287,87,78,3,2023-09-24 03:41:03
,324-97-1863,1,34,98,2023-09-28 07:34:06
,083-58-0938,52,30,87,2023-09-27 14:09:52
734-09-9785,214-30-6787,0,11,88,2023-09-30 20:47:36
168-08-5205,318-47-8709,3,11,13,2023-10-02 19:11:26
,529-24-4220,71,36,83,2023-09-26 02:35:05
778-09-8348,787-74-6938,53,73,66,2023-09-26 12:12:41
108-63-5785,468-65-0681,97,23,91,2023-09-28 06:25:05
196-12-9037,230-25-4281,11,37,30,2023-09-28 05:47:58
586-34-9143,369-03-7521,32,0,67,2023-09-30 21:29:26
891-17-5838,688-85-1266,29,34,58,2023-10-02 16:27:41
789-71-5099,345-83-4825,92,39,78,2023-09-26 08:41:36
465-69-4879,348-58-4841,28,14,46,2023-09-23 21:50:14
645-28-8254,545-56-4525,34,5,29,2023-09-28 16:03:14
309-17-8423,438-68-0815,38,44,51,2023-09-26 05:36:03
373-68-1905,533-35-9674,75,47,53,2023-09-27 17:08:02
603-47-0689,108-64-6987,1,26,18,2023-09-24 11:05:55
718-21-0390,722-34-7098,73,29,10,2023-09-28 05:00:02
346-82-2205,062-04-5064,8,6,86,2023-10-01 02:18:36
788-27-6875,766-31-4261,93,8,68,2023-09-28 06:03:26
858-51-7031,559-74-9037,75,39,72,2023-10-03 09:44:21
471-53-0952,385-57-9271,12,27,74,2023-09-26 10:36:43
,770-14-8729,27,28,93,2023-09-30 03:38:09
,151-60-1502,51,45,89,2023-09-30 14:57:20
088-41-0788,881-32-8023,86,16,90,2023-09-24 04:48:46
594-68-5241,538-30-6752,96,41,67,2023-09-29 09:23:23
242-46-5686,092-48-8632,0,10,83,2023-09-23 20:07:31
484-33-7753,142-10-0741,-38,7,69,2023-09-29 15:12:20
402-03-7300,169-87-9473,37,22,61,2023-09-26 23:36:51
340-90-0057,511-04-0076,-33,7,70,2023-10-02 07:30:59
660-07-6650,269-83-4497,48,28,59,2023-10-02 05:50:23
178-70-4522,218-39-7091,36,7,74,2023-09-28 07:39:35
138-53-6395,723-28-6607,78,48,17,2023-09-28 08:32:41
,628-80-9272,46,49,51,2023-09-24 04:08:09
430-40-4593,113-74-4925,25,15,37,2023-10-01 04:54:32
660-56-8498,338-76-0893,19,4,36,2023-09-29 09:34:38
815-93-4548,004-66-4376,80,66,97,2023-09-23 12:10:29
008-95-6889,793-01-2166,68,24,68,2023-09-27 07:25:34
382-13-0795,334-50-5392,35,73,78,2023-09-24 03:46:56
147-61-8685,644-10-3361,74,5,11,2023-09-30 17:20:44
390-23-4214,118-25-3950,72,99,90,2023-09-28 18:54:37
441-04-5854,453-73-0717,43,19,36,2023-09-30 12:25:54
057-46-2521,784-12-8722,25,95,10,2023-10-01 09:13:19
752-49-0199,549-35-5459,-40,42,1,2023-10-01 23:46:05
495-90-6684,493-83-9406,50,17,68,2023-09-25 02:47:53
780-89-1338,569-21-7863,58,21,57,2023-09-28 23:46:20
858-71-9032,476-64-1442,3,5,35,2023-09-26 04:08:08
873-36-7482,134-98-5953,60,99,99,2023-09-28 20:04:18
828-74-5760,536-72-1897,38,12,50,2023-09-29 04:33:13
097-84-8150,392-89-1192,19,40,9,2023-09-29 13:45:19
411-91-8845,299-76-8955,98,37,6,2023-09-27 06:20:17
400-54-7680,428-12-9296,24,17,20,2023-09-27 05:00:23
521-99-0452,444-74-9529,80,29,29,2023-10-01 20:44:21
816-68-1848,676-11-1740,80,0,62,2023-10-02 15:33:52
331-28-5125,747-80-5121,95,18,88,2023-10-01 09:32:19
556-35-9904,596-93-5298,50,65,42,2023-09-24 00:02:43
111-16-7245,018-57-0442,16,71,32,2023-10-02 12:05:10
497-93-2349,724-54-1236,81,35,60,2023-10-01 07:36:04
257-06-0601,789-46-9776,85,11,49,2023-10-01 11:54:05
245-24-6404,233-37-4659,10,49,59,2023-09-29 21:49:22
658-89-1122,184-50-5067,59,9,40,2023-10-01 15:35:21
851-07-3941,554-97-8416,92,19,12,2023-09-27 10:04:30
349-84-1785,589-88-7123,11,41,83,2023-10-01 21:02:01
189-67-8277,275-97-5258,95,86,21,2023-09-30 15:43:35
345-34-4538,209-64-0117,5,37,23,2023-09-30 04:13:58
718-56-0280,869-72-4858,80,10,46,2023-09-27 18:26:49
272-78-3303,398-93-2657,79,37,19,2023-09-27 15:02:27
148-55-7738,406-21-6859,75,42,23,2023-09-24 08:43:07
358-46-6371,476-92-8093,85,44,16,2023-09-28 14:13:07
406-06-1751,801-28-6850,35,24,47,2023-09-30 02:41:52
262-15-2263,818-14-4177,51,13,1,2023-09-24 11:59:32
321-41-5139,076-48-1665,79,45,13,2023-09-28 11:49:43
559-46-6982,122-13-2203,29,42,44,2023-09-25 09:17:42
727-81-1091,705-96-8836,17,21,66,2023-09-28 13:29:27
548-69-5616,823-65-0993,43,5,98,2023-09-29 02:25:30
608-39-1483,393-27-1286,24,5,43,2023-09-26 20:15:30
207-91-9501,072-43-3314,3,2,24,2023-09-24 04:44:32
183-11-0822,122-27-2656,-12,45,37,2023-09-30 09:06:21
756-57-5929,716-09-4648,4,23,79,2023-09-26 18:20:14
805-57-2597,304-83-5634,81,26,99,2023-09-25 01:12:37
816-19-3869,707-84-0670,82,29,32,2023-09-29 02:19:58
430-78-6713,473-80-8011,86,49,55,2023-09-29 08:12:04
724-53-7843,752-76-9007,77,40,14,2023-09-27 16:55:49
233-79-0149,810-59-9098,79,33,18,2023-09-23 12:42:52
,503-85-6790,28,16,52,2023-09-25 14:27:29
,358-83-6189,90,0,75,2023-09-24 16:51:17
231-32-1611,353-47-2051,73,33,91,2023-09-29 00:33:04
747-82-7397,213-51-0009,-5,27,30,2023-10-02 15:23:57
135-82-2852,775-69-3864,-70,82,48,2023-09-29 02:27:23
596-97-8783,417-36-1555,84,12,50,2023-09-25 05:29:05
323-14-5625,274-60-6150,79,26,51,2023-09-29 11:28:44
493-71-4308,355-86-1629,82,49,68,2023-09-27 15:15:16
477-91-3037,335-16-7757,44,15,89,2023-09-26 08:04:40
899-90-5948,278-73-3381,1,48,23,2023-09-28 12:09:16
200-33-5973,567-59-2983,3,8,39,2023-10-02 02:11:51
818-60-7540,720-21-5443,98,13,22,2023-09-28 06:16:37
033-38-5361,713-77-2359,42,49,36,2023-10-02 18:51:34
082-80-2477,810-12-1989,69,35,45,2023-09-26 06:16:44
501-10-6858,392-18-9049,-59,0,92,2023-10-01 13:51:40
636-05-0528,601-25-8561,58,48,45,2023-09-27 10:38:14
887-37-7794,083-39-3404,56,9,12,2023-09-26 17:11:40
,725-13-6134,25,35,38,2023-10-01 03:21:27
179-37-9533,810-19-4612,83,26,3,2023-09-26 06:17:32
043-54-4082,407-64-6542,76,24,50,2023-09-23 13:41:14
,065-13-3297,84,0,51,2023-09-28 02:28:19
045-18-9849,146-28-8405,33,20,84,2023-09-26 21:53:56
385-01-0534,243-23-9760,73,11,89,2023-09-24 10:44:13
186-27-3815,127-38-1520,-36,39,31,2023-10-02 07:32:10
134-74-5895,837-60-2217,28,96,97,2023-09-27 13:38:51
838-87-9518,456-76-2561,0,12,10,2023-10-02 12:25:43
021-40-9621,350-06-5410,95,81,11,2023-10-01 05:01:06
175-07-6642,638-18-3962,26,24,14,2023-09-23 17:40:16
370-10-7232,806-81-0129,81,47,31,2023-09-24 23:00:23
415-13-6449,841-28-8196,12,19,15,2023-09-23 19:14:50
,164-37-6879,9,22,49,2023-09-26 21:33:07
445-48-2879,409-52-9429,63,15,31,2023-09-25 23:25:15
733-46-0844,202-20-6343,95,13,5,2023-09-23 15:57:29
085-92-4383,052-05-2568,-91,25,80,2023-09-27 06:40:11
105-08-6015,783-12-7309,36,4,17,2023-09-26 22:06:23
509-25-8257,209-84-9728,64,2,29,2023-09-26 04:10:38
753-80-1641,445-12-8745,39,4,26,2023-09-27 04:26:23
571-22-3816,859-68-7850,65,48,41,2023-09-27 14:12:40
,805-21-3464,78,7,0,2023-10-01 09:07:18
418-17-8476,115-35-4487,94,38,12,2023-09-29 21:33:11
186-60-9780,244-92-4083,16,17,51,2023-09-30 23:18:53
169-08-5104,194-55-6342,88,17,90,2023-09-23 17:33:06
248-37-7259,069-77-6700,36,28,34,2023-09-28 11:43:53
129-68-3253,487-16-6359,65,34,26,2023-10-01 19:21:08
480-06-1244,787-15-3424,11,5,54,2023-09-24 13:36:09
460-03-4060,089-06-5407,51,17,65,2023-09-30 05:11:33
424-52-8163,252-64-9737,3,43,65,2023-09-28 17:08:25
571-87-3928,602-93-5881,-5,28,65,2023-09-24 06:33:42
673-63-4505,806-07-9126,59,1,49,2023-09-27 09:22:28
219-32-2439,295-12-0564,97,26,45,2023-09-30 23:28:09
270-82-1015,202-73-2550,56,7,97,2023-10-02 23:28:25
671-03-1508,193-34-5651,69,38,30,2023-09-25 01:03:12
667-07-3175,878-80-4470,-86,30,59,2023-10-01 20:56:34
567-81-6572,512-14-6142,60,57,43,2023-09-29 09:35:12
583-44-0110,162-89-1255,33,36,76,2023-10-01 21:19:35
508-41-3144,651-32-2212,33,1,62,2023-10-01 08:34:21
473-92-3300,148-10-5656,59,17,12,2023-09-24 13:43:10
175-80-1797,443-61-5357,78,1,44,2023-09-23 12:11:06
369-58-6759,717-30-5322,86,14,30,2023-09-28 23:52:22
446-58-7780,602-15-3214,36,43,71,2023-10-02 19:33:57
,007-23-4537,59,28,4,2023-09-25 03:39:22
314-93-3473,423-06-5795,83,45,47,2023-09-25 10:12:48
164-18-1890,173-77-3448,26,11,68,2023-09-30 19:11:53
248-66-4989,030-47-0002,94,16,18,2023-09-30 01:39:12
779-98-4144,689-30-5232,53,49,48,2023-09-27 13:05:12
329-58-3527,014-39-3021,86,8,98,2023-09-26 00:45:03
243-33-8419,431-71-2579,28,53,63,2023-09-28 09:38:32
672-25-8639,211-55-2893,-95,97,98,2023-09-27 09:50:17
411-37-2184,091-71-3975,-71,31,62,2023-09-27 18:29:50
353-15-0148,888-51-9042,12,85,96,2023-10-03 04:15:59
144-03-9467,720-14-5416,75,38,88,2023-09-24 02:18:30
094-01-2815,706-21-2035,23,3,10,2023-10-02 17:44:44
516-71-8789,182-74-3837,87,18,47,2023-09-26 23:44:11
668-36-6172,096-26-2284,49,6,42,2023-09-30 00:55:12
574-01-3389,117-89-7338,58,62,1,2023-09-24 21:15:33
847-88-7836,835-33-3336,97,14,45,2023-09-29 14:36:14
845-96-4889,544-43-2973,2,44,82,2023-09-29 03:05:35
130-80-7885,248-16-6877,68,47,93,2023-09-26 05:33:05
778-13-3266,047-71-2305,-97,9,53,2023-09-28 22:35:04
098-83-2018,711-10-9140,69,29,96,2023-09-25 17:15:32
771-85-9779,062-68-6719,65,49,33,2023-09-25 15:46:21
376-40-0637,593-62-4147,42,35,85,2023-10-01 09:35:36
,560-58-5363,7,4,67,2023-09-26 22:19:26
,464-89-5066,94,46,16,2023-09-30 09:17:27
190-37-5352,189-22-2752,56,45,65,2023-09-30 17:15:27
823-54-1652,180-69-9598,24,44,79,2023-09-26 06:46:09
347-45-2729,797-83-7155,98,32,46,2023-10-01 12:21:43
566-07-5063,140-39-4819,45,15,95,2023-09-23 11:05:19
511-95-7147,540-13-4423,26,42,5,2023-09-27 12:41:02
,251-68-1928,98,22,14,2023-09-28 17:05:10
421-17-1343,534-85-2088,63,14,76,2023-10-03 10:17:42
402-08-1841,310-17-5331,33,34,3,2023-09-30 02:39:54
562-34-6821,358-60-4221,8,11,7,2023-09-27 00:28:40
513-36-7104,417-93-5323,17,45,0,2023-09-29 23:59:40
031-32-1175,691-65-0055,68,6,86,2023-09-29 15:00:04
254-76-7914,459-91-0668,46,2,73,2023-09-30 12:30:30
596-68-9294,712-63-8230,-99,15,84,2023-10-01 10:08:25
492-80-4163,139-75-7286,7,26,20,2023-09-29 15:23:48
314-07-5104,519-31-9989,37,34,41,2023-10-01 12:44:01
061-26-2866,028-43-3330,38,21,26,2023-10-02 18:47:49
520-53-7356,098-52-7587,54,20,99,2023-09-24 01:24:01
880-73-8813,096-48-8235,14,45,28,2023-09-25 01:40:35
637-15-1949,862-97-6195,48,25,85,2023-10-03 06:17:39
,020-48-3383,88,23,11,2023-10-01 01:30:44
859-88-0494,231-21-2891,57,44,68,2023-09-25 00:20:18
649-95-3023,115-35-4423,85,16,27,2023-10-01 01:52:29
526-62-6690,184-79-9970,34,11,4,2023-09-25 16:54:30
663-17-6363,732-56-0629,44,74,42,2023-09-24 00:25:34
792-31-6881,130-18-2355,17,75,35,2023-09-30 03:12:21
793-62-8779,064-30-9971,51,39,22,2023-09-25 06:18:44
285-49-5202,801-97-8934,8,22,46,2023-10-03 00:30:38
311-03-5063,533-13-9037,65,10,13,2023-09-26 16:54:27
389-47-6932,080-72-5200,98,5,37,2023-09-25 20:32:48
379-52-0635,511-73-6353,54,35,2,2023-09-28 14:01:13
313-99-2403,056-87-1481,98,4,33,2023-09-23 19:39:25
370-19-1068,546-50-8354,20,11,1,2023-09-26 08:02:33
045-77-9736,486-28-5316,28,14,61,2023-09-23 14:15:41
464-66-8490,295-14-5344,70,0,31,2023-09-24 00:28:09
085-56-2493,405-51-1111,64,2,72,2023-09-28 17:18:15
164-95-6943,373-46-5837,2,46,32,2023-09-25 18:07:47
768-81-7380,184-67-3588,88,16,71,2023-09-29 14:08:51
186-19-7845,819-27-8292,-21,18,1,2023-09-30 23:53:02
086-47-4528,482-94-1166,-13,32,35,2023-09-28 23:44:40
453-50-6870,584-43-6706,50,21,70,2023-10-01 13:26:51
615-92-2562,017-59-1647,81,44,75,2023-10-02 07:00:43
871-01-9613,217-93-5279,65,28,81,2023-10-02 00:11:19
374-96-2302,794-71-3995,99,36,68,2023-09-30 21:38:02
458-72-5166,713-91-3917,42,2,25,2023-09-30 07:24:26
711-77-9211,012-30-7112,11,24,30,2023-10-01 01:09:19
,693-78-4286,97,26,3,2023-09-27 16:40:47
856-36-0240,139-98-0046,27,25,86,2023-10-02 04:53:37
453-99-0578,010-91-6674,14,63,72,2023-10-01 02:58:24
220-09-6242,861-75-7491,32,20,57,2023-09-26 12:17:32
878-76-4926,045-58-9972,81,18,52,2023-10-03 10:31:33
119-53-4868,589-24-9298,23,84,9,2023-09-28 07:36:10
576-76-7315,634-33-4944,37,43,42,2023-10-02 12:33:51
144-51-9841,143-39-6098,62,36,63,2023-09-28 22:46:58
803-92-7434,078-11-8445,30,18,24,2023-09-24 23:17:44
218-27-8708,492-57-6389,78,1,66,2023-09-25 05:03:46
729-29-7732,010-20-5118,8,30,14,2023-09-27 06:31:11
457-66-4807,262-61-5424,79,3,94,2023-09-28 18:11:25
068-34-5373,079-83-7258,36,28,40,2023-09-24 10:16:13
615-15-3237,880-12-1780,55,19,78,2023-09-26 05:14:25
708-28-0561,605-79-1746,76,15,93,2023-10-02 15:39:26
048-76-6065,042-11-1127,94,39,92,2023-09-29 08:33:46
401-98-4167,293-26-7994,84,19,20,2023-10-01 20:29:27
591-34-8880,657-85-1750,19,12,94,2023-09-29 18:47:23
547-50-2420,508-79-3623,25,22,93,2023-09-28 08:07:07
473-51-1312,436-38-5773,80,83,75,2023-09-24 14:03:19
756-68-3039,101-33-1368,-3,68,35,2023-09-25 06:47:38
863-99-7192,748-13-1991,55,27,50,2023-10-01 07:47:48
480-10-9217,179-30-6955,-67,11,74,2023-09-29 18:54:29
215-01-0525,540-66-2254,1,42,75,2023-09-24 00:31:15
374-46-9059,122-47-9696,89,41,97,2023-10-01 01:44:02
611-51-6385,221-25-3125,24,17,77,2023-09-28 23:52:22
233-15-3890,317-32-2259,32,21,23,2023-09-24 22:14:42
887-94-5470,357-02-2887,60,49,17,2023-09-30 06:08:41
693-27-1032,684-16-2036,75,19,79,2023-09-28 18:45:52
406-93-8985,046-54-7910,72,29,2,2023-09-25 00:30:53
483-21-8091,049-65-5073,69,23,9,2023-09-25 12:58:40
246-04-2672,203-55-7559,11,36,21,2023-10-02 18:06:34
008-95-4318,563-67-6775,75,8,7,2023-10-03 09:00:37
336-84-7881,114-36-4187,90,2,87,2023-09-24 22:09:57
487-58-1292,736-75-7336,54,39,85,2023-10-02 05:42:37
,805-86-4776,61,20,97,2023-09-29 15:10:34
655-34-9829,405-74-7349,99,33,61,2023-10-03 07:48:49
321-78-5365,779-95-1771,42,16,52,2023-09-27 17:19:57
809-59-2404,800-46-1792,81,43,16,2023-09-28 19:22:47
689-17-6574,228-42-8448,51,21,28,2023-09-26 06:36:08
357-33-2380,245-99-2290,34,40,90,2023-09-28 17:10:33
069-99-6065,047-87-3917,4,1,4,2023-09-28 06:39:58
424-72-5240,327-61-7115,91,9,5,2023-10-02 16:59:23
709-14-7812,889-88-8513,52,16,27,2023-09-30 18:44:09
345-34-2476,562-68-0171,75,29,98,2023-09-30 08:01:57
339-64-2978,257-52-5803,44,7,41,2023-09-29 20:49:36
817-27-6164,797-67-9308,-80,19,64,2023-09-30 13:43:06
386-68-7682,690-90-3669,69,35,40,2023-09-27 21:04:52
345-25-4632,857-82-3033,84,74,86,2023-09-23 20:46:16
361-88-2481,153-20-3612,37,97,26,2023-10-01 14:03:29
702-27-0844,550-74-8749,31,13,55,2023-09-26 17:23:38
,196-01-0844,79,35,42,2023-09-24 15:54:57
204-35-8745,127-07-5768,77,42,17,2023-09-23 20:00:49
010-61-7147,025-83-3761,12,4,11,2023-10-01 16:34:08
772-46-3719,746-03-0542,32,20,88,2023-10-01 23:16:27
158-72-0994,568-77-8390,41,31,13,2023-09-29 00:03:45
001-45-1292,043-81-2137,60,81,25,2023-09-24 08:19:58
575-32-7367,038-17-7366,88,37,34,2023-09-26 04:31:08
270-09-1292,456-35-2794,98,35,51,2023-09-30 01:23:33
651-24-1198,145-20-6805,-39,26,53,2023-09-26 18:06:15
282-46-5256,266-44-3914,11,2,61,2023-09-30 01:31:34
157-52-5357,772-40-4985,53,36,67,2023-09-25 14:59:01
336-40-5610,550-76-7187,9,24,99,2023-09-27 04:27:35
093-83-1378,244-85-4344,46,42,6,2023-09-30 10:36:21
570-40-8587,125-70-2688,-30,13,3,2023-09-30 08:46:26
585-35-1704,573-61-7807,47,17,55,2023-09-24 17:37:00
860-14-2588,643-27-6572,37,49,84,2023-10-03 10:32:12
701-42-5862,275-27-1208,86,4,31,2023-10-02 12:34:21
793-31-7006,114-99-6118,7,83,47,2023-10-02 08:13:35
498-39-2296,130-41-7321,63,21,67,2023-09-25 15:57:56
782-40-1643,337-67-3324,6,86,53,2023-09-25 11:05:46
154-04-9523,328-84-8461,98,36,42,2023-09-30 05:18:02
707-14-5491,454-59-9532,88,37,9,2023-09-24 10:56:11
186-51-6723,242-05-0981,34,34,73,2023-09-27 11:32:10
629-42-1098,215-60-5252,71,18,14,2023-10-01 07:31:34
,294-96-1637,21,27,13,2023-09-25 21:10:43
144-74-5658,150-60-6892,68,3,77,2023-09-28 00:28:19
729-74-4908,807-58-1632,39,28,72,2023-09-27 12:44:04
,105-69-3819,17,35,17,2023-09-25 09:05:52
090-85-9768,470-47-8828,8,17,98,2023-09-27 17:54:11
072-95-1351,594-04-3718,95,3,96,2023-09-27 23:58:26
344-09-7223,099-10-1328,60,0,7,2023-09-25 02:06:35
652-63-5533,530-74-2025,89,51,64,2023-09-23 23:15:33
463-65-8162,447-17-3210,85,41,58,2023-09-27 10:54:14
897-23-2336,285-57-6165,10,39,59,2023-10-02 20:34:29
150-15-2899,550-78-9593,73,7,48,2023-09-29 07:31:20
158-19-2781,529-31-8802,73,54,84,2023-10-01 02:08:57
439-63-8252,759-22-1614,92,47,44,2023-09-23 21:42:12
530-65-1282,718-01-5828,57,0,66,2023-09-29 06:13:39
365-57-7891,519-16-7917,18,39,76,2023-09-25 12:24:42
,615-43-3409,60,11,14,2023-10-01 17:18:13
444-16-2882,476-30-2996,89,43,38,2023-09-26 01:49:02
797-79-1913,645-14-3680,94,10,64,2023-09-26 03:23:43
428-87-1628,556-88-0454,36,42,64,2023-09-23 12:40:55
104-02-9452,430-08-2582,14,49,47,2023-09-24 01:29:50
021-30-8360,348-96-6813,20,21,44,2023-09-29 23:20:57
,650-65-9729,11,42,60,2023-09-23 23:51:23
814-82-2162,745-63-2389,73,35,80,2023-09-29 22:17:56
,070-67-5584,45,38,87,2023-10-02 14:51:31
476-10-2550,137-40-3381,-89,17,59,2023-09-30 01:09:33
471-97-7730,774-02-1337,-88,32,93,2023-10-01 00:02:13
851-16-0447,888-09-6551,41,37,78,2023-09-23 22:11:30
028-06-4334,292-54-5092,80,11,64,2023-10-01 06:41:23
398-17-8097,390-51-8059,65,22,98,2023-09-27 16:56:59
720-10-4101,161-46-6962,91,10,0,2023-09-25 12:29:29
452-09-9339,569-53-6931,30,11,74,2023-09-26 05:09:46
033-87-7220,093-34-1311,19,32,34,2023-09-24 15:37:01
492-38-1325,754-42-9285,-80,37,53,2023-10-03 07:30:17
773-26-9202,281-01-0325,8,37,12,2023-09-23 11:09:05
434-33-3818,002-35-9012,74,31,31,2023-09-23 14:27:26
493-17-6816,409-83-8908,41,22,33,2023-09-25 11:50:03
703-09-4080,086-29-7841,49,28,41,2023-09-25 23:44:08
364-02-9251,699-71-1419,7,18,68,2023-09-28 08:37:43
,780-71-0495,60,56,22,2023-09-28 23:53:33
138-96-9061,490-12-4258,95,35,32,2023-09-29 16:30:54
285-15-1690,010-63-0523,42,7,45,2023-10-02 11:54:32
796-52-6637,609-63-1140,97,10,65,2023-09-23 17:41:35
226-88-9864,264-74-0589,88,45,37,2023-10-01 04:06:52
606-54-0760,417-47-1511,-82,4,98,2023-09-27 22:54:46
812-22-8752,441-76-7248,90,91,41,2023-09-23 12:26:22
568-68-3832,767-88-1576,20,48,7,2023-09-30 05:18:41
266-54-8328,100-05-7997,80,8,48,2023-09-30 00:40:49
,631-96-0687,10,50,63,2023-09-26 16:03:54
380-51-1732,117-16-6067,34,15,40,2023-10-03 07:31:05
175-55-3314,027-10-4330,98,0,16,2023-09-30 23:46:57
275-40-2778,182-55-2272,28,6,77,2023-09-25 00:26:30
651-99-1931,614-96-1745,14,19,99,2023-09-29 01:00:09
360-22-9927,362-92-2788,1,36,9,2023-09-26 13:17:04
014-11-7765,193-40-1948,-59,16,62,2023-10-02 11:24:31
581-05-3550,037-09-0041,27,33,75,2023-10-02 22:27:07
,637-03-5513,69,38,63,2023-09-26 14:31:08
,461-87-4801,-92,2,0,2023-10-03 02:18:38
714-11-9378,525-06-4240,28,41,36,2023-09-30 08:32:17
650-12-4178,400-78-9982,-44,31,81,2023-09-25 14:47:02
267-79-5939,253-14-3906,29,0,54,2023-09-25 04:04:25
636-15-3465,153-78-3034,47,23,8,2023-09-30 00:28:49
379-65-2960,326-82-6149,-17,48,44,2023-10-02 15:49:56
183-92-6285,710-88-5327,23,72,91,2023-10-01 09:57:41
360-43-5989,890-86-8894,47,37,33,2023-09-24 06:27:12
,211-72-1147,50,7,15,2023-09-27 20:05:24
524-70-2325,436-20-0505,77,48,56,2023-09-28 06:09:30
389-31-9398,431-28-6078,18,6,73,2023-09-24 22:55:39
535-24-4851,052-05-4761,73,27,68,2023-10-01 07:58:14
607-99-7657,007-90-5217,54,68,86,2023-09-25 20:51:24
213-94-2022,017-18-5657,74,42,36,2023-10-01 13:36:48
000-23-6055,770-54-5502,74,37,22,2023-09-28 04:53:34
302-11-4423,404-09-2503,61,12,82,2023-10-02 22:15:46
712-83-8191,422-09-9947,35,33,69,2023-10-02 22:21:11
613-63-2691,543-56-3844,50,41,57,2023-09-24 03:29:43
,042-94-3807,79,3,97,2023-09-25 07:15:03
256-75-2729,625-97-1051,36,3,15,2023-09-30 10:58:31
745-13-1451,221-54-3010,40,76,87,2023-09-24 20:38:18
753-17-1453,763-83-8292,41,29,1,2023-09-29 10:42:58
396-46-5532,117-91-2474,36,39,81,2023-09-23 17:06:03
206-16-0821,398-05-7024,-72,35,67,2023-09-27 17:18:44
239-06-6546,631-49-1967,94,20,73,2023-09-28 06:44:18
366-84-7927,731-97-9044,65,19,13,2023-09-29 18:36:04
340-37-9096,743-32-8936,33,47,73,2023-09-30 04:38:13
405-67-1720,566-14-2795,30,13,97,2023-09-29 22:56:21
027-34-5066,745-99-9921,33,26,14,2023-09-25 10:18:52
174-76-2180,670-54-2455,60,27,20,2023-09-28 10:44:22
405-47-1433,827-45-3799,7,27,7,2023-09-28 10:48:59
851-04-3378,218-74-0875,94,59,11,2023-09-29 13:01:00
527-25-7979,416-05-5118,-62,34,63,2023-10-03 02:06:50
872-31-8893,155-39-8639,-11,13,80,2023-09-27 00:30:48
839-89-3801,011-80-0674,81,21,87,2023-09-23 20:11:16
742-36-8562,244-41-3868,90,6,19,2023-09-25 04:08:03
688-79-5097,402-12-9750,36,44,11,2023-09-29 14:08:48
669-39-5570,597-99-2204,82,24,24,2023-09-30 22:01:41
869-21-6443,613-71-7803,17,40,51,2023-09-30 07:50:08
468-70-3943,312-95-9184,68,86,66,2023-09-26 04:37:32
427-69-6394,866-76-5911,40,42,58,2023-10-02 03:17:54
799-79-5744,822-24-8692,29,30,69,2023-09-29 12:24:54
609-44-5247,168-12-1783,92,1,51,2023-09-30 01:55:51
115-42-7710,173-97-1851,74,16,1,2023-10-01 09:22:43
643-31-6035,448-18-4012,70,3,5,2023-09-27 08:26:06
283-87-7447,372-66-5982,2,20,40,2023-09-29 12:51:04
463-55-0919,055-41-6559,48,27,9,2023-09-23 14:43:51
239-66-3930,671-34-2697,91,3,7,2023-09-25 19:02:00
308-78-2105,246-39-2318,66,95,74,2023-09-26 22:16:18
648-70-8447,259-80-2477,41,29,65,2023-09-27 03:29:05
708-35-3718,839-75-1439,72,23,85,2023-09-26 13:07:51
861-78-2000,275-18-7606,61,44,51,2023-10-02 11:20:36
865-40-0835,561-10-7063,32,26,7,2023-10-01 03:37:02
295-35-8283,622-10-7646,92,20,28,2023-09-25 07:15:08
056-27-4786,662-64-9253,48,29,49,2023-10-01 17:12:37
328-62-1136,467-09-4943,58,26,85,2023-09-29 14:37:43
339-72-7061,204-19-5907,-25,3,99,2023-09-26 10:49:14
519-81-9358,814-76-4713,22,50,54,2023-09-27 11:49:59
,340-62-3769,79,13,40,2023-09-24 05:00:08
806-24-1204,026-57-0845,91,16,21,2023-09-29 05:30:57
680-37-1170,888-33-8889,12,77,98,2023-09-23 19:34:34
802-09-1815,295-12-6289,56,8,67,2023-10-02 21:21:20
203-51-5585,612-40-3408,48,38,22,2023-09-29 13:26:31
541-72-4272,759-07-8377,82,33,61,2023-09-30 03:11:59
409-84-2234,878-79-9154,-55,46,95,2023-09-30 02:39:20
,797-67-9172,75,1,76,2023-09-26 01:27:37
469-52-0689,668-09-9958,30,41,48,2023-09-29 06:40:34
,735-28-9026,48,42,74,2023-09-25 13:21:23
127-11-6908,048-70-5114,56,40,56,2023-09-27 13:54:37
447-88-5114,536-69-4852,44,6,81,2023-09-30 12:25:28
243-69-6805,356-90-3944,5,0,51,2023-10-02 20:24:45
410-76-8535,604-27-8424,0,34,93,2023-10-02 14:25:10
099-73-2164,079-49-8928,81,38,67,2023-10-01 04:05:01
284-80-8809,455-40-4394,-7,77,54,2023-09-29 13:29:08
382-94-1564,251-21-4699,14,18,65,2023-09-23 20:58:41
,025-40-0805,70,36,1,2023-10-01 20:41:40
212-53-6612,051-84-8279,69,30,73,2023-09-29 04:45:41
898-63-1042,785-21-3419,-89,4,21,2023-09-27 03:34:16
193-88-7472,579-87-2847,-3,5,8,2023-10-01 06:35:39
,467-46-7087,30,30,62,2023-09-30 18:11:24
047-98-2498,450-11-7444,37,23,90,2023-09-28 04:14:58
769-85-2677,721-29-6665,15,19,93,2023-09-24 11:02:45
208-54-1226,699-54-9562,38,11,29,2023-10-02 08:06:11
706-75-3527,080-90-3475,75,49,66,2023-09-29 17:09:06
434-08-5667,562-24-3657,36,82,33,2023-10-02 21:59:27
289-80-1767,581-78-1465,17,36,79,2023-10-01 12:32:06
375-35-8330,102-50-5495,98,28,13,2023-10-02 05:08:16
852-32-9143,376-91-8726,45,10,78,2023-09-24 15:03:36
101-93-2460,542-20-1548,43,16,98,2023-10-02 14:09:05
536-63-8637,810-04-8255,76,11,47,2023-09-25 04:23:37
473-86-9513,390-77-6049,62,29,8,2023-09-27 12:12:54
215-36-7768,753-59-4780,83,25,32,2023-09-24 02:58:09
379-16-9808,227-16-3894,83,30,19,2023-09-29 23:50:22
665-06-8123,780-08-4161,22,22,95,2023-09-29 17:05:38
879-35-1463,159-94-1903,54,35,92,2023-09-28 11:01:24
088-05-9047,875-91-2793,26,4,38,2023-09-29 13:35:36
653-41-0218,373-62-4309,-95,26,29,2023-09-28 17:04:00
389-77-0073,744-57-3006,73,16,13,2023-10-03 01:01:46
154-68-6323,250-70-9170,92,27,22,2023-09-24 07:08:06
061-17-4836,727-59-5492,66,30,91,2023-09-29 11:19:45
304-90-3918,507-58-1783,55,48,22,2023-09-27 02:57:18
,365-98-7858,-8,79,11,2023-09-27 00:39:14
888-56-8546,675-49-1342,77,14,42,2023-10-03 06:31:03
175-93-9551,367-80-1307,60,55,0,2023-10-01 01:49:10
571-16-0012,471-47-6277,69,46,97,2023-09-26 05:30:03
018-14-6160,291-63-8670,39,15,80,2023-09-26 20:43:06
783-19-4885,896-06-2540,2,51,30,2023-10-01 08:44:25
828-57-1622,680-29-8131,51,28,95,2023-09-23 20:13:37
788-18-2560,762-34-2014,83,9,19,2023-10-02 05:28:53
820-52-7314,436-23-8042,86,33,67,2023-09-25 19:46:49
663-09-1764,723-62-7977,64,49,90,2023-09-27 10:47:52
316-28-7715,085-70-7898,20,31,92,2023-09-24 07:48:44
122-45-2671,305-70-8201,94,15,30,2023-09-25 14:55:59
285-99-9761,146-03-4957,50,48,46,2023-09-27 02:12:31
857-49-3061,585-69-8370,97,63,4,2023-09-28 17:16:28
001-57-8686,088-74-5915,-73,43,79,2023-09-23 19:16:11
141-97-3883,227-16-5000,91,75,60,2023-09-24 16:23:43
031-65-4653,621-93-6311,57,13,7,2023-09-30 14:59:12
839-80-3065,071-99-8536,69,39,92,2023-09-26 17:50:39
661-10-3146,246-46-7886,7,16,10,2023-09-28 21:09:04
023-71-8884,743-27-8460,85,44,92,2023-09-30 22:27:02
535-69-0602,562-56-8325,61,11,74,2023-10-03 07:44:19
410-87-1431,506-52-7005,6,66,11,2023-10-01 21:27:35
487-01-7044,725-98-6152,36,36,74,2023-10-02 12:11:03
022-85-1891,434-09-1924,76,40,62,2023-09-26 01:52:56
,275-21-7095,98,5,31,2023-10-02 05:09:05
133-62-5253,172-79-5391,-21,43,23,2023-09-30 18:01:39
537-86-5470,708-67-0554,15,41,45,2023-09-28 11:33:52
551-22-9594,727-35-5576,78,13,61,2023-09-30 01:29:59
,307-22-2895,46,12,78,2023-09-30 02:25:25
211-92-8608,830-01-4343,48,17,27,2023-09-23 22:51:33
,178-39-4784,99,17,88,2023-09-29 19:40:39
328-66-1293,466-69-2194,10,38,47,2023-09-27 22:57:07
839-92-0929,219-96-1830,83,42,5,2023-09-24 13:20:10
349-91-9874,781-29-6274,26,26,70,2023-09-28 04:49:40
781-80-6461,422-56-3021,-93,51,45,2023-09-28 19:09:44
241-68-4556,135-85-9677,68,35,29,2023-09-30 13:28:35
424-39-6990,342-28-8479,49,49,83,2023-09-26 09:00:36
036-77-5554,602-66-1234,79,17,7,2023-10-02 00:05:43
388-06-7580,700-69-7076,20,11,12,2023-09-29 16:46:00
766-08-6953,537-98-2416,76,8,95,2023-09-24 04:45:40
820-41-1698,235-15-4594,-1,46,77,2023-09-28 02:55:54
518-13-5748,461-51-0245,2,31,12,2023-09-26 13:34:27
180-04-2933,544-53-0769,27,8,65,2023-09-25 22:25:35
396-36-6589,679-96-5715,43,34,29,2023-10-02 09:45:18
401-98-7768,680-73-8613,52,11,8,2023-10-03 04:43:21
791-19-4482,724-86-0827,29,24,79,2023-09-24 02:16:04
025-66-0439,072-34-3111,50,13,83,2023-10-02 02:06:21
022-38-4256,465-79-4765,-72,8,97,2023-10-03 09:09:18
049-76-2018,798-17-9850,54,38,28,2023-09-30 07:45:04
865-68-8784,879-17-6131,37,9,35,2023-09-25 10:25:16
417-08-7088,694-84-4578,66,45,76,2023-10-02 18:54:51
213-07-0347,400-76-6683,17,28,75,2023-10-01 14:42:21
742-97-2938,783-59-5772,40,33,12,2023-10-02 21:47:16
847-35-5679,688-70-8306,32,44,86,2023-09-29 05:51:02
331-57-1081,060-57-8083,97,10,94,2023-09-24 05:31:09
,488-22-7362,37,47,66,2023-09-27 13:47:54
825-43-8432,467-90-2362,-4,15,35,2023-10-01 04:27:10
,017-66-3790,90,2,20,2023-09-28 04:49:18
371-77-8419,194-96-9906,51,40,31,2023-09-30 10:42:54
623-82-9998,797-21-7840,49,33,14,2023-09-25 00:17:12
155-96-7835,846-94-9536,72,23,68,2023-09-24 10:24:04
890-73-2256,213-98-9106,81,14,75,2023-09-27 16:00:10
476-98-9735,103-38-2329,97,1,39,2023-09-27 13:10:25
527-54-1222,156-70-7094,87,31,4,2023-09-23 11:11:28
825-84-3751,091-26-1933,71,40,32,2023-09-30 09:09:53
617-32-8291,355-11-3889,41,14,0,2023-10-02 14:41:53
341-66-2530,285-37-2749,-38,7,68,2023-10-01 03:30:38
253-88-2561,562-32-1632,86,37,91,2023-09-29 22:33:20
508-43-9245,423-10-1160,17,15,18,2023-09-27 18:11:09
830-77-7538,377-70-3084,5,14,51,2023-09-24 06:51:12
317-33-8607,662-18-3778,69,21,76,2023-09-24 13:10:15
445-49-5126,270-67-6766,4,1,96,2023-10-01 12:08:17
620-75-5715,316-24-1238,-10,34,52,2023-09-23 11:21:57
447-12-6408,026-91-1521,81,7,14,2023-09-30 23:28:42
439-69-1536,037-35-2349,9,16,12,2023-09-23 14:41:07
160-47-5482,226-11-1558,-67,0,17,2023-09-24 01:12:50
599-68-1896,213-94-3799,91,22,98,2023-09-28 09:03:52
044-91-4142,682-33-3774,66,5,81,2023-09-28 06:19:09
818-25-7068,497-62-9597,8,7,5,2023-09-28 20:59:09
765-94-6461,070-34-3487,17,2,88,2023-09-29 15:10:39
,278-06-4071,2,28,33,2023-09-28 23:34:42
404-41-5756,734-26-4386,26,2,26,2023-09-26 15:26:02
582-82-2887,878-46-2311,0,12,81,2023-09-24 03:47:57
,808-81-0072,57,13,31,2023-09-30 00:11:28
,602-94-3976,94,75,84,2023-09-25 15:13:21
,580-96-9206,38,22,64,2023-09-24 06:20:46
621-87-1453,085-73-1839,46,44,25,2023-09-25 15:05:28
459-56-9845,047-55-4675,41,14,56,2023-09-26 10:04:24
446-22-2291,235-86-1268,36,34,61,2023-10-02 05:00:30
188-81-2644,407-51-6761,55,49,78,2023-09-28 16:25:00
292-22-7860,194-10-9836,4,31,28,2023-09-28 10:45:18
344-36-4336,664-07-3216,62,11,53,2023-09-28 04:00:38
,604-81-9773,9,73,71,2023-10-01 08:40:30
717-74-0329,450-75-4429,59,2,59,2023-09-30 16:46:41
408-25-2687,432-94-8505,99,20,53,2023-09-30 07:29:52
118-30-9633,147-15-4926,88,26,12,2023-09-27 04:31:40
,490-97-7736,6,47,83,2023-09-29 23:20:56
755-89-1702,439-36-5676,61,8,19,2023-10-03 06:34:36
346-91-7550,235-26-7750,30,17,99,2023-09-25 13:37:04
190-24-8106,236-87-1768,3,33,46,2023-10-02 12:41:25
571-78-5111,069-64-6805,67,2,42,2023-09-29 18:27:52
658-56-2491,361-98-2873,16,26,7,2023-09-26 04:44:52
744-85-1287,119-90-2927,6,11,22,2023-09-27 11:42:32
747-81-4111,873-22-4990,51,38,14,2023-10-01 19:38:54
394-77-1194,710-46-9951,69,82,20,2023-10-02 06:29:18
603-97-5649,582-66-5177,29,25,87,2023-09-26 08:54:12
320-70-0818,297-57-5415,76,37,38,2023-09-25 18:51:51
463-05-8748,398-72-9678,10,60,23,2023-09-25 05:35:17
196-76-9955,738-95-5638,21,10,25,2023-09-29 09:11:12
859-17-1797,732-61-6130,73,16,7,2023-10-02 11:54:49
721-97-1564,035-96-2497,55,0,38,2023-09-25 04:11:07
711-20-1918,537-05-6419,54,55,40,2023-10-03 04:01:17
517-51-5326,576-75-2959,32,22,35,2023-10-01 22:03:56
,632-83-8392,77,5,68,2023-09-27 08:53:55
050-73-6295,565-23-1444,71,43,1,2023-10-02 08:20:50
861-85-5904,319-94-7370,68,38,33,2023-09-27 07:12:58
723-52-9059,504-46-8517,97,42,92,2023-09-23 15:55:31
072-58-7489,354-60-8287,98,48,38,2023-09-26 11:35:00
,450-93-5150,95,10,23,2023-09-26 09:37:45
138-68-1517,406-24-8400,44,26,87,2023-09-30 20:09:45
063-19-0210,130-23-2037,6,54,31,2023-10-01 19:16:15
798-46-6536,606-92-8980,82,3,63,2023-10-01 10:07:20
430-21-2916,053-04-5691,49,39,19,2023-09-24 00:16:18
095-10-3353,359-41-9864,91,39,14,2023-09-26 19:15:36
528-59-1408,721-12-7569,68,33,66,2023-09-27 23:35:55
098-68-5570,618-83-4872,41,37,7,2023-10-03 07:02:45
557-58-0468,020-17-0647,54,4,45,2023-09-26 09:31:11
223-65-5638,124-17-4324,71,35,45,2023-10-01 12:09:55
057-38-1567,226-32-9913,99,18,99,2023-10-02 20:48:03
504-01-8635,305-93-2429,10,18,45,2023-10-01 05:40:17
009-89-7654,709-62-4945,51,11,40,2023-09-27 15:43:40
600-55-2330,750-66-2455,15,28,75,2023-09-30 10:52:14
058-56-9789,247-85-8804,99,37,82,2023-10-02 03:09:57
147-79-7281,242-02-2585,72,12,35,2023-09-30 06:35:21
224-83-5362,309-22-4859,99,28,71,2023-09-23 20:25:09
865-48-4127,399-76-2043,78,34,23,2023-09-30 18:37:59
236-86-2684,577-09-4423,47,48,48,2023-10-01 08:16:48
789-24-1103,449-46-2943,10,4,96,2023-09-26 19:32:31
484-01-7309,727-23-9409,39,38,42,2023-09-30 15:09:43
624-43-0301,713-42-3356,28,7,86,2023-09-27 19:04:50
691-75-7905,653-83-2986,89,18,17,2023-10-02 05:15:11
215-73-1116,146-25-0561,0,92,65,2023-09-25 10:59:12
451-33-8022,194-25-7281,33,39,25,2023-09-27 01:43:58
207-02-3739,707-42-5064,57,11,70,2023-09-23 12:13:34
587-28-7356,063-29-6881,32,36,53,2023-09-25 10:01:12
798-50-1515,722-13-6784,-76,45,78,2023-09-26 11:16:39
262-22-9274,878-67-5767,-2,47,79,2023-09-23 21:30:30
263-30-3998,249-33-6143,54,21,77,2023-10-01 00:16:19
680-63-9884,275-71-3214,70,15,1,2023-09-24 14:40:16
140-37-3307,707-62-9700,59,6,79,2023-09-27 12:56:40
,832-24-9318,21,47,79,2023-09-25 12:53:17
,468-24-5693,70,57,13,2023-10-02 16:03:36
804-90-8173,377-45-8478,67,21,13,2023-10-02 14:00:18
589-30-8957,187-37-0496,93,25,80,2023-09-30 21:14:01
776-78-0532,540-79-0016,90,26,9,2023-09-29 08:50:24
615-40-7650,304-83-5636,62,9,92,2023-09-30 01:45:53
328-98-5780,875-49-1521,33,13,66,2023-10-02 19:29:53
314-19-3912,521-15-4596,-34,44,91,2023-09-29 11:34:13
022-55-5849,399-95-4862,44,37,48,2023-09-27 08:29:47
542-94-8719,343-64-4099,22,40,99,2023-10-02 20:42:44
606-76-1493,387-40-3829,62,46,32,2023-10-03 02:11:15
847-69-0603,021-16-0967,28,37,98,2023-09-24 07:46:44
291-64-5191,136-77-2745,48,56,7,2023-10-01 11:48:20
664-92-4130,384-06-1413,87,7,50,2023-09-29 07:56:11
812-54-1530,073-30-8523,58,76,44,2023-09-28 13:20:15
169-93-2222,811-49-1201,22,29,90,2023-09-25 15:39:28
,659-41-4723,84,38,15,2023-10-01 11:03:17
398-89-4212,307-26-1573,72,45,65,2023-09-29 07:15:47
737-02-8594,110-17-5413,26,17,13,2023-09-26 03:17:21
432-78-1899,752-93-1129,16,12,65,2023-09-24 23:01:40
318-59-2230,350-78-9708,-82,35,46,2023-09-23 21:04:23
327-97-2860,426-21-6787,97,29,27,2023-09-28 10:17:31
631-28-8844,799-65-3364,27,49,57,2023-09-27 21:39:42
,037-16-8574,61,26,70,2023-09-24 12:02:34
790-36-0346,121-46-5551,51,33,24,2023-09-26 22:04:20
175-57-5052,408-43-2271,51,40,61,2023-09-28 20:56:15
717-26-6791,118-04-3081,14,27,68,2023-09-24 00:37:12
346-85-7814,345-46-2045,53,1,75,2023-10-02 20:32:26
155-56-9331,844-45-8046,-37,41,8,2023-09-24 22:26:25
071-12-7767,497-16-9915,23,65,74,2023-09-27 10:53:20
774-88-5613,307-85-4222,42,21,58,2023-10-03 00:12:31
597-69-5798,733-14-7947,77,94,36,2023-09-25 19:38:57
024-81-4087,054-81-2706,42,82,90,2023-10-03 02:17:05
067-25-3975,462-70-2334,43,30,91,2023-09-27 10:05:16
,562-13-5825,25,4,81,2023-10-01 03:56:17
,310-91-8350,70,76,92,2023-09-23 22:51:57
767-60-4994,499-05-3169,75,28,29,2023-09-28 04:18:20
567-49-2610,631-31-0487,93,47,56,2023-09-27 07:41:20
086-10-8937,725-85-0104,4,36,43,2023-10-03 02:25:50
731-69-7430,315-92-1527,59,27,14,2023-09-24 15:29:15
,339-79-4418,78,37,5,2023-09-30 04:38:36
,616-32-4540,20,7,47,2023-09-30 12:01:39
805-68-8330,403-95-4127,-91,43,34,2023-09-26 16:20:02
133-93-1942,234-61-2687,71,35,92,2023-09-25 03:03:14
444-28-3022,706-22-6928,10,14,89,2023-10-01 20:56:54
777-18-3284,430-77-0822,78,30,38,2023-09-23 14:03:29
675-60-5892,006-84-5287,39,8,5,2023-09-28 15:11:30
842-28-9939,873-40-6860,76,44,61,2023-09-29 13:07:24
716-10-6952,554-48-1270,82,17,17,2023-09-24 17:48:27
504-12-9200,264-66-3762,-24,37,4,2023-09-29 02:47:45
647-09-3431,162-27-9725,48,20,19,2023-09-24 04:35:28
316-66-1514,114-33-6593,76,12,33,2023-09-29 23:31:25
096-17-6856,343-90-0853,98,9,43,2023-09-24 18:56:44
,640-78-5397,-34,35,86,2023-09-27 03:34:40
224-46-2650,304-18-6980,39,7,78,2023-09-27 23:38:24
746-29-3020,381-70-2890,99,1,95,2023-09-26 01:55:03
218-69-6222,715-76-0649,82,3,1,2023-09-30 04:45:01
768-62-2124,402-67-6738,93,43,78,2023-09-24 03:06:49
837-51-1323,343-37-5456,94,38,0,2023-09-30 22:30:36
,187-50-5789,86,2,20,2023-09-29 03:38:09
507-81-4499,805-57-6160,45,90,7,2023-09-23 15:16:45
873-09-5922,473-25-9877,19,21,41,2023-09-28 17:18:52
245-63-0394,760-28-4932,72,35,76,2023-09-26 12:50:20
594-41-9979,161-81-1555,84,4,17,2023-09-24 01:11:01
002-61-4511,655-14-7418,88,38,24,2023-09-24 00:53:39
204-19-0968,593-61-4831,95,18,84,2023-09-29 02:54:57
,691-04-1174,46,3,8,2023-09-27 20:18:39
279-09-3568,752-69-7729,48,0,96,2023-09-30 20:46:23
677-16-3452,008-04-2155,97,10,12,2023-09-25 14:19:11
,631-94-6220,-47,37,5,2023-09-26 15:01:27
836-10-3964,407-56-0153,97,11,8,2023-10-03 00:23:12
451-42-8986,773-39-9445,97,90,92,2023-09-26 19:47:06
417-55-3244,610-48-4932,45,42,57,2023-09-26 11:13:19
576-98-8939,728-75-0547,-53,6,69,2023-09-29 18:48:15
139-03-2456,428-05-5085,46,15,20,2023-09-30 19:41:51
580-93-5588,399-56-5227,75,37,16,2023-10-02 12:32:57
012-15-2109,798-30-1537,11,21,58,2023-10-02 10:52:57
099-87-9935,509-87-6157,67,26,4,2023-10-03 00:13:24
669-08-7569,154-92-3257,21,32,8,2023-09-26 21:37:14
658-24-9739,151-18-2416,56,48,28,2023-09-30 03:52:25
294-05-0144,229-69-8544,-23,5,22,2023-09-28 13:30:42
125-43-2820,546-23-4415,64,49,98,2023-09-30 23:30:01
812-26-3816,129-64-2424,96,7,45,2023-09-30 21:08:42
148-40-7960,546-38-9314,8,23,21,2023-09-27 00:12:42
490-06-4728,072-83-1407,77,4,8,2023-10-02 21:46:54
,849-44-8347,29,4,70,2023-10-01 21:22:56
251-21-7892,137-69-1917,74,13,76,2023-09-30 07:19:42
311-77-2033,056-91-0106,86,3,99,2023-09-25 02:46:07
703-17-8626,840-95-9910,-72,17,84,2023-09-28 06:30:13
,335-24-7905,50,2,1,2023-09-26 08:08:14
